id,uri,preview,title,genres,artists,artistsIds,albumTitle,albumId,image,albumReleaseYear,duration,key,mode,timeSignature,acousticness,danceability,energy,instrumentalness,liveness,loudness,speechiness,valence,tempo
49R1F3rIdSzuPk7AcHi6d1,spotify:track:49R1F3rIdSzuPk7AcHi6d1,https://p.scdn.co/mp3-preview/30d0318fb9390a0760632d45df42bdb9505c7a04?cid=61a9bb7d5c7b4b0993b2a4af35e647a3,La noia,italian pop,Angelina Mango,1A6HBLulvBFzNtlMb7b08f,La noia,3thPAnMavUmX8gGyjOzYFI,https://i.scdn.co/image/ab67616d000048514048a22d11b5873fe7c56dc4,2024,189125,2,0,4,0.131,0.68,0.871,0.0000485,0.056,-3.349,0.0851,0.677,112.094
654Jxp6rUFgPckixlIusRJ,spotify:track:654Jxp6rUFgPckixlIusRJ,https://p.scdn.co/mp3-preview/ece690589579165bfe03137f0535ee1b689746d2?cid=61a9bb7d5c7b4b0993b2a4af35e647a3,TUTA GOLD,italian adult pop | italian pop,Mahmood,06nvjg4wBANK6DCHjqtPNd,TUTA GOLD,298TPucavaqMuiInBsW7jX,https://i.scdn.co/image/ab67616d0000485122aa3408a990edf3bdabd676,2024,178468,9,0,4,0.624,0.746,0.742,0.000848,0.151,-6.837,0.0473,0.77,123.052
2O7jON0xYyTaSkWj9wZXCJ,spotify:track:2O7jON0xYyTaSkWj9wZXCJ,https://p.scdn.co/mp3-preview/8976f7d1217ca54bd5a85ce043116c4d1fd2c584?cid=61a9bb7d5c7b4b0993b2a4af35e647a3,Sinceramente,italian adult pop | italian pop,Annalisa,0EqkKYDK9EkKY5N7zU3FPv,Sinceramente,6Ftqr86cfGFu8mQ0Vt2jse,https://i.scdn.co/image/ab67616d0000485151ee37411182665987658c03,2024,215714,3,0,4,0.036,0.73,0.803,0,0.14,-3.056,0.04,0.406,126.049
3j1453KrdHjw7y4gnBj7nF,spotify:track:3j1453KrdHjw7y4gnBj7nF,https://p.scdn.co/mp3-preview/362df31c3d81cec46f7b278f51c6dc837e89da3c?cid=61a9bb7d5c7b4b0993b2a4af35e647a3,"I P’ ME, TU P’ TE",italian hip hop | italian pop | rap napoletano | trap italiana,Geolier,27LlKWxS3KXW7RRAxN5S8s,"I P’ ME, TU P’ TE",09DwcnxasBOzPGqVXJPF13,https://i.scdn.co/image/ab67616d000048516160e0b4c4bb1bd00add6c60,2024,187881,9,0,4,0.115,0.639,0.767,0,0.0689,-5.988,0.215,0.469,118.055
4cWrKV5SN7AknqPy4ryBDG,spotify:track:4cWrKV5SN7AknqPy4ryBDG,https://p.scdn.co/mp3-preview/e3e075e798d39ae8473cc42c5fffa49375feb74a?cid=61a9bb7d5c7b4b0993b2a4af35e647a3,Casa Mia,italian hip hop | italian pop | milan indie,Ghali,3egWSWp7Y4FyCKIyvXbw7L,Casa Mia,4xFy5R5epCv3JQj92m7lHJ,https://i.scdn.co/image/ab67616d00004851933392412e7443f3a4cb2775,2024,210542,9,0,4,0.013,0.728,0.889,0.0000111,0.363,-3.518,0.047,0.624,119.952
5mQTzYTDDob48mOP3U9k7Q,spotify:track:5mQTzYTDDob48mOP3U9k7Q,https://p.scdn.co/mp3-preview/fdc11100905a2af190c9666cbb59c278873d2055?cid=61a9bb7d5c7b4b0993b2a4af35e647a3,Tu No,italian adult pop | italian pop,Irama,5iot8OPcosJN9nCl7I5SdK,Tu No,73tk3YTX5XnmuZtUwcIPED,https://i.scdn.co/image/ab67616d00004851b746477be227e64ad02c894b,2024,215609,3,1,4,0.326,0.583,0.628,0,0.199,-5.143,0.0346,0.355,122.002
60NDVF7fFIq13aO9rIN80c,spotify:track:60NDVF7fFIq13aO9rIN80c,https://p.scdn.co/mp3-preview/71a20bed088066ad199fbb01bb5dea3e39af76e7?cid=61a9bb7d5c7b4b0993b2a4af35e647a3,UN RAGAZZO UNA RAGAZZA,italian adult pop | italian pop,The Kolors,72A0Z8q8NiochyK9gUHpCR,UN RAGAZZO UNA RAGAZZA,3tNnKTFodG4lOLiGM39yvV,https://i.scdn.co/image/ab67616d000048510f678541a1b613a82476db58,2024,217031,3,0,4,0.0451,0.753,0.859,0,0.119,-3.071,0.0796,0.921,128
2cpZJsQFxwHvBF0KB5dCaB,spotify:track:2cpZJsQFxwHvBF0KB5dCaB,https://p.scdn.co/mp3-preview/49d57471b90d6c5b8add74705143e9f7bc2d7fa7?cid=61a9bb7d5c7b4b0993b2a4af35e647a3,Tutto Qui,italian adult pop | italian pop | rome indie,Gazzelle,7KFOc3T4Xo8DVZt4PWw2qN,Tutto Qui,7c4WZWTbWCodNxtex7owQN,https://i.scdn.co/image/ab67616d000048516050d18ee430aeb069589a27,2024,211784,8,1,4,0.714,0.554,0.531,0,0.0932,-6.987,0.0268,0.356,74.967
2PO4ThUKzIa4rBLsFkyInU,spotify:track:2PO4ThUKzIa4rBLsFkyInU,https://p.scdn.co/mp3-preview/cb522e2f8774ae3d2c2088a7f23c7fa1b07bf95d?cid=61a9bb7d5c7b4b0993b2a4af35e647a3,CLICK BOOM!,italian hip hop | italian pop | milan indie,Rose Villain,2aya6KuqjXEhHBqYKsTPLs,CLICK BOOM!,6PBnYwtMjAW4XqVRs9Il2l,https://i.scdn.co/image/ab67616d00004851eaab7c686146f0d53f233139,2024,225561,5,1,4,0.535,0.774,0.681,0,0.0997,-4.452,0.0433,0.432,126.025
02fHDy3xEetr1EX6qw3Cas,spotify:track:02fHDy3xEetr1EX6qw3Cas,https://p.scdn.co/mp3-preview/74aae61d42aeafdba37313f039a9484a72d36fd1?cid=61a9bb7d5c7b4b0993b2a4af35e647a3,Vai!,pop virale italiano,Alfa,7GacyaFUp0qkEJglERX9N7,Vai!,78oiHnbmYm8jUidFHcAeWL,https://i.scdn.co/image/ab67616d00004851aa93c622eb3c16e46bceeb88,2024,156923,2,1,4,0.158,0.605,0.796,0,0.132,-5.128,0.0633,0.526,116.977
586qiIWHIkjYnfwnIAFY38,spotify:track:586qiIWHIkjYnfwnIAFY38,https://p.scdn.co/mp3-preview/0c4209ad2c6857943e62660f08732ad53fb443f4?cid=61a9bb7d5c7b4b0993b2a4af35e647a3,Onda Alta,italian adult pop | italian hip hop | italian pop | milan indie | r&b italiano,Dargen D'Amico,7muPB2GhV0sEg2K1Fgj0Xm,Onda Alta,0VXxWeYHwVAP2HiOBG5Evx,https://i.scdn.co/image/ab67616d000048513a75e4ef6619902bb34d710b,2024,214557,7,1,4,0.262,0.471,0.793,0,0.348,-5.449,0.166,0.574,157.922
1MwyUklCSLF8heoph2ttFe,spotify:track:1MwyUklCSLF8heoph2ttFe,https://p.scdn.co/mp3-preview/8b5aff5b65464070686f2cb54af442817f38faaf?cid=61a9bb7d5c7b4b0993b2a4af35e647a3,Pazza,classic italian pop | italian adult pop | italian pop,Loredana Bertè,2XpUprTohaksHpVjUtTvlx,Pazza,3IGUYanHxdk5DX7aB8e3lv,https://i.scdn.co/image/ab67616d00004851fe50e39d6ae0cceb7f4a4cea,2024,168167,0,1,4,0.00344,0.703,0.894,0,0.335,-3.846,0.0816,0.665,119.999
3qyidNdb5QNHLxAFJzTn6P,spotify:track:3qyidNdb5QNHLxAFJzTn6P,https://p.scdn.co/mp3-preview/dbf423321afa8c28a6f344233b54472089dcaaab?cid=61a9bb7d5c7b4b0993b2a4af35e647a3,APNEA,italian adult pop | italian pop,Emma,0gzwXezN4IUHAwLufA6YcX,APNEA,0YMrslSUc1TClPK7b1SVBa,https://i.scdn.co/image/ab67616d000048517eb85ed33423cb3f26a21d2c,2024,180923,0,0,4,0.0704,0.666,0.864,0,0.13,-4.394,0.345,0.558,130.104
3To8zpX92dTdhtORefjgyV,spotify:track:3To8zpX92dTdhtORefjgyV,https://p.scdn.co/mp3-preview/70960a891c509146431a1ec11c5d3ae24d4c2894?cid=61a9bb7d5c7b4b0993b2a4af35e647a3,DIAMANTI GREZZI,italian pop,CLARA,6FPxOArEPVZUDv925qq8IQ,DIAMANTI GREZZI,11KJdw9RyMJwFABzPBaALV,https://i.scdn.co/image/ab67616d00004851775c7d60cf2c38c3fd137a02,2024,192120,4,0,4,0.147,0.61,0.861,0,0.0995,-3.36,0.0561,0.263,124.938
6m4z69VDQ7zB2JQzTeWNom,spotify:track:6m4z69VDQ7zB2JQzTeWNom,https://p.scdn.co/mp3-preview/82c89403627e752c99f8a38b380565911e64cde2?cid=61a9bb7d5c7b4b0993b2a4af35e647a3,DUE ALTALENE,italian adult pop | italian pop,Mr.Rain,59MLbXG0jLVwJup3KAd6m1,DUE ALTALENE,7EylvV3blFKLH2ZQDW6CWl,https://i.scdn.co/image/ab67616d000048514428a259fc2fcc5e105deafa,2024,197143,10,1,4,0.467,0.38,0.564,0.0000425,0.542,-7.373,0.0606,0.399,139.79
37WCMrX9XnmmPCMY0aqZjo,spotify:track:37WCMrX9XnmmPCMY0aqZjo,https://p.scdn.co/mp3-preview/0fc121eeb81a03d48b8e637e4e30997150e89e3c?cid=61a9bb7d5c7b4b0993b2a4af35e647a3,Fino a qui,italian adult pop | italian pop,Alessandra Amoroso,2pjb5ffSoVTr5lRYQXlnPu,Fino a qui,0d5uLpu4Tkh54AjZgztd7L,https://i.scdn.co/image/ab67616d000048512b928b0cd38a8e48db4ef39d,2024,232310,8,1,4,0.249,0.605,0.546,0,0.0899,-5.52,0.0369,0.224,130.065
3ZcpVnBJguv1WVeMG44i2M,spotify:track:3ZcpVnBJguv1WVeMG44i2M,https://p.scdn.co/mp3-preview/4e5a79ce6b8ee0cb7c5ca43d6610d0944c70f8b2?cid=61a9bb7d5c7b4b0993b2a4af35e647a3,AUTODISTRUTTIVO,,LA SAD,1y5nSaw0Am7fIEDAkrfgjY,AUTODISTRUTTIVO,1M06XJqOcsMo0kCroZzl0q,https://i.scdn.co/image/ab67616d000048514630d4228903642e74d901ee,2024,189495,8,1,4,0.0529,0.488,0.774,0,0.198,-6.099,0.0408,0.614,154.954
6mhZd9yNJpyT2Qynx9FuhI,spotify:track:6mhZd9yNJpyT2Qynx9FuhI,https://p.scdn.co/mp3-preview/1c1872c16f56bbfcd5ea2674f518b9a3e60a94d8?cid=61a9bb7d5c7b4b0993b2a4af35e647a3,FRAGILI,italian hip hop | italian pop,Il Tre,4p5IspnsqtILeRtckOxumu,FRAGILI,3hNEfoTFpxiA1Car8tVdy5,https://i.scdn.co/image/ab67616d00004851e15c8e94fe145b5655543cba,2024,189194,9,1,4,0.163,0.495,0.777,0,0.0542,-5.384,0.063,0.658,124.038
6QnX3AZkvOzwQt0fdS6cZT,spotify:track:6QnX3AZkvOzwQt0fdS6cZT,https://p.scdn.co/mp3-preview/15abdfcb60486ead5798e39aa0302a10a3648762?cid=61a9bb7d5c7b4b0993b2a4af35e647a3,l'amore in bocca,,SANTI FRANCESI,3VsF47TUmv6WPsWjICe8VR,l'amore in bocca,7ITbHXkZPg7XqSrHMAacPF,https://i.scdn.co/image/ab67616d00004851adc7dafdbf6d12d80bdd0e93,2024,172050,2,1,4,0.00645,0.521,0.811,0,0.351,-4.609,0.192,0.246,99.903
0CjNKLqvr5tDvepagOIKlu,spotify:track:0CjNKLqvr5tDvepagOIKlu,https://p.scdn.co/mp3-preview/901dc8583b2c764745fc59950d18421e3f6c96e9?cid=61a9bb7d5c7b4b0993b2a4af35e647a3,La rabbia non ti basta,,BigMama,5A0upF7YOXwWW0R5EuahcF,La rabbia non ti basta,7rex9i7hSRRzJAlRdm3xle,https://i.scdn.co/image/ab67616d00004851c14ef4540d1f6c6d14df07c2,2024,189407,11,0,4,0.0328,0.672,0.853,0,0.0924,-4.808,0.125,0.523,127.011
1bZIs6zAOtFJLORZVojCUH,spotify:track:1bZIs6zAOtFJLORZVojCUH,https://p.scdn.co/mp3-preview/8023547f0c4d206569cad185ed3218b50ae4d5f2?cid=61a9bb7d5c7b4b0993b2a4af35e647a3,Ma non tutta la vita,classic italian pop,Ricchi E Poveri,5BwOOeKayeMZXa5SSaiRxv,Ma non tutta la vita,404Id5xZDXzT3yc85GiZxG,https://i.scdn.co/image/ab67616d000048512b1a77d72d25eddcb2fe5999,2024,190800,4,0,4,0.0771,0.758,0.84,0,0.0903,-3.132,0.11,0.691,124.978
40RfNjN5fm9DhlLAYkF6RL,spotify:track:40RfNjN5fm9DhlLAYkF6RL,https://p.scdn.co/mp3-preview/defc240a9ab9f5dcd975451777e1901c5b255114?cid=61a9bb7d5c7b4b0993b2a4af35e647a3,Ti muovi,italian adult pop | italian pop,Diodato,2QWrpLRDeBD1NwWAsytBRi,Ti muovi,3drX0CZrAZgnsPipfT3iK1,https://i.scdn.co/image/ab67616d00004851ee9f72a6ae4afb26123dfd28,2024,186388,6,0,3,0.0194,0.435,0.572,0,0.115,-6.98,0.0371,0.322,148.495
7eJmxii4Ez8scjzDF0V9v6,spotify:track:7eJmxii4Ez8scjzDF0V9v6,https://p.scdn.co/mp3-preview/497d50c608a0cbaa7b6b27bce41bbecc76e4929c?cid=61a9bb7d5c7b4b0993b2a4af35e647a3,Capolavoro,italian progressive rock | operatic pop,Il Volo,0dE9ooTNz8iEKIKItRI66t,Capolavoro,2oSdN1QGBn3eLd3BKujoWL,https://i.scdn.co/image/ab67616d0000485112c2812e7f956d7488f70336,2024,198421,3,1,4,0.225,0.492,0.56,0.00000217,0.113,-6.178,0.0308,0.249,143.725
7He9P5gjaE4cmQOquezZnl,spotify:track:7He9P5gjaE4cmQOquezZnl,https://p.scdn.co/mp3-preview/c0d458d758ef9b78df6b5414a32b2a7d5bed07cc?cid=61a9bb7d5c7b4b0993b2a4af35e647a3,GOVERNO PUNK,hyperpop italiano,bnkr44,1lwGYDWoXC7E5wDNYZBurw,GOVERNO PUNK,4I20c4niAvrvALPHZ7Nw9p,https://i.scdn.co/image/ab67616d00004851bde089de4e4adb5c72d72947,2024,205312,4,1,4,0.238,0.69,0.858,0,0.215,-4.786,0.0436,0.598,128.012
5FV2fsK9sFL4D5uwX8zAgk,spotify:track:5FV2fsK9sFL4D5uwX8zAgk,https://p.scdn.co/mp3-preview/2fe502ae3d4c2bbaba74f337e642462dd9213d74?cid=61a9bb7d5c7b4b0993b2a4af35e647a3,Mariposa,classic italian pop | italian adult pop,Fiorella Mannoia,5VxhGHbcuvqTLRUWzBUN8L,Mariposa,115aUhZ79BPSwCkbCA47QG,https://i.scdn.co/image/ab67616d0000485100ecc02d7761e670b735f2a1,2024,177947,10,0,4,0.0824,0.681,0.844,0,0.143,-3.303,0.0747,0.707,94.982
6RgeK0h4fZ7JRSqbVwPG3Q,spotify:track:6RgeK0h4fZ7JRSqbVwPG3Q,https://p.scdn.co/mp3-preview/02863f5f206e9b038689cb4fe468bf39d801a7f7?cid=61a9bb7d5c7b4b0993b2a4af35e647a3,Ricominciamo tutto,italian adult pop | italian pop,Negramaro,1X9iZlQXfAAx4Vvmlqeao7,Ricominciamo tutto,6zIb3GEDysif4sWOALb5E4,https://i.scdn.co/image/ab67616d000048512aede93810d7ee920c897305,2024,232800,4,1,4,0.0554,0.516,0.686,0,0.118,-4.997,0.05,0.259,124.661
2JUU42QK11jwb6C99VnRl4,spotify:track:2JUU42QK11jwb6C99VnRl4,https://p.scdn.co/mp3-preview/119d6938d0bb50ba87b4c14bb14da8ee70e58437?cid=61a9bb7d5c7b4b0993b2a4af35e647a3,IL CIELO NON CI VUOLE,italian adult pop | italian pop,Fred De Palma,0QrUbsrL5imqntAfDl8i7q,IL CIELO NON CI VUOLE,0K1d626i4iEbzLQPNhhCWC,https://i.scdn.co/image/ab67616d00004851bf7a4650d78eade432ca1ddc,2024,172727,6,0,4,0.0987,0.723,0.699,0,0.0999,-5.939,0.0623,0.486,131.946
2c0lqanQ7Yz8f7VaAfgqqt,spotify:track:2c0lqanQ7Yz8f7VaAfgqqt,https://p.scdn.co/mp3-preview/56256907b570ad4303748c4a8c9482933031e374?cid=61a9bb7d5c7b4b0993b2a4af35e647a3,finiscimi,italian pop,sangiovanni,7dL0nOHwnSAsNAwpkPSGWP,finiscimi,0KPFdlJaeqxhaiif2mcXP3,https://i.scdn.co/image/ab67616d00004851212603ba74a0d7c2e2e232b4,2024,191630,0,0,4,0.412,0.427,0.527,0,0.21,-6.475,0.0541,0.217,155.052
2EIYXCGhXGo0yXf6vazlJR,spotify:track:2EIYXCGhXGo0yXf6vazlJR,https://p.scdn.co/mp3-preview/cb97f381175d129a4d5aa7dfd413814dec434621?cid=61a9bb7d5c7b4b0993b2a4af35e647a3,SPETTACOLARE,italian pop rock,Maninni,28XNEW8SrY9rwD1s1f8gRL,SPETTACOLARE,1icr3kGkx4NPSvmUkfJMgd,https://i.scdn.co/image/ab67616d0000485126d246ba9e0839e0ebaf6283,2024,173974,1,0,4,0.044,0.53,0.747,0,0.0763,-3.861,0.0426,0.43,136.316
7LGXYz8Msr0ra2XggR8F3b,spotify:track:7LGXYz8Msr0ra2XggR8F3b,https://p.scdn.co/mp3-preview/8c89f90e668921f0e9cb42350d434a6a0dcb7b2e?cid=61a9bb7d5c7b4b0993b2a4af35e647a3,Pazzo di te,italian adult pop | europop,Renga Nek / Francesco Renga / Nek,"17bIH0Lk8uD4mqjyHqmfb2,3TAYxk5QBcHunmb0qkeTn2,5mXMQJHLLfym1KyNcDrhoZ",Pazzo di te,1zN3Fy6h5UzN1KzV1zgHOl,https://i.scdn.co/image/ab67616d000048511c50d9b624dd3128b96ec855,2024,177692,10,1,4,0.0706,0.496,0.684,0,0.204,-5.33,0.04,0.315,129.948